Salt ID,Salt Smiles,Cation Heavy Atoms,Tanimoto Similarity Score,Molecular Relative,Anion,prediction 0,prediction 1,calculation 0,calculation 1,error 0,error 1,Round,category,Series
C05_A05,C[n+]1ccn(C(CCF)CCCCCCCCCl)c1.O=C([O-])[C@@H]1CCCN1,19,0.6943005181347149,1-butyl-3-methylimidazolium,L-prolinate,1011.66,1084.07,748.96,1075.04,35.08,0.84,8,Imidazolium,1
C14_A14,CCCCN[NH2+]CC(C)(CCCC)C(S)CC.O=C([O-])[C@@H]1CCCN1,17,0.4782608695652174,triethyloctylammonium,L-prolinate,978.2,1017.81,793.79,983.32,23.23,3.51,8,Ammonium,1
C48_A48,CCCC(N)[NH2+]C(N)(CCCCCl)CN(C)CC.NCCCC[C@H](N)C(=O)[O-],18,0.4957983193277311,triethyloctylammonium,L-lysinate,994.97,1052.11,835.82,1059.29,19.04,0.68,8,Ammonium,1
C49_A49,CCCCCCCCc1cccc[n+]1CCCC.CCCCCCCCOS(=O)(=O)[O-],18,0.7188612099644128,"1,2-diethylpyridinium",octyl sulfate,923.16,983.76,913.16,964.32,1.1,2.02,8,Pyridinium,1
C63_A63,CCCCCCCC[n+]1cccc(CCCC)c1.CCCCCCCCOS(=O)(=O)[O-],18,0.71900826446281,N-octyl-3-methylpyridinium,octyl sulfate,920.58,989.77,962.39,961.31,4.34,2.96,8,Pyridinium,1
C84_A84,CCCCC(S)CCC(N)[n+]1cc[nH]c1.CCCCCCCCOS(=O)(=O)[O-],15,0.6564102564102564,1-butyl-3-methylimidazolium,octyl sulfate,1038.22,1056.48,783.34,1085.95,32.54,2.71,8,Imidazolium,1
C11_A11,CC(N)C[n+]1cccc(CCCCC(C)(C)C)c1.CCCCCCCCOS(=O)(=O)[O-],18,0.5985663082437276,N-octyl-3-methylpyridinium,octyl sulfate,954.99,1035.58,878.62,1001.27,8.69,3.43,8,Pyridinium,1
C01_A01,Cc1ccc[n+](CCCCCCCCCCCP)c1.CCCCCCCCOS(=O)(=O)[O-],19,0.956043956043956,N-octyl-3-methylpyridinium,octyl sulfate,943.63,1019.2,965.93,1001.44,2.31,1.77,7,Pyridinium,1
C08_A08,CCCNC(=[NH+]C(F)(Cl)CC)N(C)C(S)SCCF.NCCCC[C@H](N)C(=O)[O-],19,0.5,1-ethylpyridinium,L-lysinate,997.31,1092.56,814.02,1183.97,22.52,7.72,7,Pyridinium,1
C12_A12,CCCCC(CSCP)Cn1cc(CC)[n+](C)c1C.C[C@@H](O)[C@H](N)C(=O)[O-],19,0.5469387755102041,1-butyl-3-methylimidazolium,L-threoninate,975.7,1062.28,756.57,1067.31,28.96,0.47,7,Imidazolium,1
C16_A16,CCC(CF)CC1=NC=C[NH+]1C(C)(CCF)CCF.O=S(=O)([N-]S(=O)(=O)C(F)(F)F)C(F)(F)F,19,0.5041322314049587,1-butyl-3-methylimidazolium,bis[(trifluoromethyl)sulfonyl]imide,980.07,1003.08,735.0,1383.55,33.34,27.5,7,Imidazolium,1
C20_A20,CCCCCC[n+]1ccccc1CCCC.C[C@@H](O)[C@H](N)C(=O)[O-],16,0.7345454545454545,"1,2-diethylpyridinium",L-threoninate,953.69,1037.79,738.71,986.44,29.1,5.21,7,Pyridinium,1
C28_A28,CCCCCCCC[P+](CC)(CC)SC.NCCCC[C@H](N)C(=O)[O-],15,0.6666666666666666,triethyloctylammonium,L-lysinate,963.08,1004.67,858.97,970.32,12.12,3.54,7,Ammonium,1
C30_A30,CCCC(CCC)C(CC)C(CC)[n+]1cc[nH]c1.COP(=O)([O-])OC,18,0.6069651741293532,1-butyl-3-methylimidazolium,dimethylphosphate,1014.66,1073.14,685.25,1014.3,48.07,5.8,7,Imidazolium,1
C32_A32,C[N+](C)(C)C(F)CC(C(N)=O)C(N)=O.CCCCCCCCOS(=O)(=O)[O-],14,0.5363636363636364,triethyloctylammonium,octyl sulfate,1054.28,1003.09,863.27,1192.8,22.13,15.9,7,Ammonium,1
C35_A35,CCc1cc(NO)cc(CC)[n+]1C.N#C[N-]C#N,13,0.5829383886255924,1-ethyl-2-methylpyridinium,dicyanamide,973.82,953.05,406.94,1095.3,139.3,12.99,7,Pyridinium,1
C40_A40,CCCCCCCC[n+]1ccc(CCCC)cc1.CCCCCCCCOS(=O)(=O)[O-],18,0.7639751552795031,1-butyl-2-methylpyridinium,octyl sulfate,959.09,986.91,938.94,962.88,2.15,2.5,7,Pyridinium,1
C43_A43,C#CC(CC)C[P+](CC)(CCCC)CCCC.O=C([O-])[C@@H]1CCCN1,17,0.6781609195402298,triethyloctylammonium,L-prolinate,925.23,999.78,743.64,946.9,24.42,5.58,7,Ammonium,1
C44_A44,C=NCC[NH+](CC(CC)C(C)CC)NC.O=C([O-])C(F)(F)F,15,0.5,triethyloctylammonium,trifluoroacetate,989.4,1041.7,634.13,1077.23,56.02,3.3,7,Ammonium,1
C48_A48,PCCCCCCCCCCC[n+]1ccccc1.C[C@@H](O)[C@H](N)C(=O)[O-],18,0.8220338983050848,1-butylpyridinium,L-threoninate,998.06,1072.36,831.64,1022.84,20.01,4.84,7,Pyridinium,1
C49_A49,CCC(F)CC#CNC(N=O)(NC=O)[n+]1cc[nH]c1.COS(=O)(=O)[O-],19,0.5042016806722689,1-ethyl-2-methylpyridinium,methylsulfate,1002.47,1092.11,538.55,1351.53,86.14,19.19,7,Pyridinium,1
C60_A60,CCCCC(C)CC(C)CC[NH+](C)C=N.O=S(=O)([O-])C(F)(F)F,15,0.6125,"N,N,N-triethyldodecan-1-aminium",trifluoromethanesulfonate,974.25,1029.73,593.43,1128.58,64.17,8.76,7,Aminium,1
C63_A63,CCCCC(CC)C(C)CC[NH+](C)C=N.CCCCCCCCOS(=O)(=O)[O-],15,0.6172839506172839,"N,N,N-triethyldodecan-1-aminium",octyl sulfate,995.07,966.69,875.22,981.62,13.69,1.52,7,Aminium,1
C67_A67,CCCCON(C)C(=[NH+]C(Cl)CC)PCCCC.CCCCCCCCOS(=O)(=O)[O-],18,0.5128205128205128,1-butyl-3-methylimidazolium,octyl sulfate,999.76,1099.51,939.41,1033.22,6.42,6.42,7,Imidazolium,1
C71_A71,CCCC(CCC)CC[NH+](C)C=N.CS(=O)(=O)[O-],13,0.5949367088607594,"N,N,N-triethyldodecan-1-aminium",methanesulfonate,1037.58,951.88,516.34,1050.56,100.95,9.39,7,Aminium,1
C76_A76,CCCCC(CC)(CCC)CC[N+]1=C(S)CCC1.CCCCCCCCOS(=O)(=O)[O-],18,0.5132743362831859,"N,N,N-triethyldodecan-1-aminium",octyl sulfate,1014.3,989.43,949.06,991.95,6.87,0.25,7,Aminium,1
C78_A78,CCCCNC(CC(CF)CCF)[n+]1cc[nH]c1.O=S(=O)([N-]S(=O)(=O)C(F)(F)F)C(F)(F)F,18,0.5837104072398189,1-butyl-3-methylimidazolium,bis(trifluoromethylsulfonyl)imide,1006.73,1008.96,764.33,1369.65,31.71,26.33,7,Imidazolium,1
C79_A79,CCCCCCCCc1cccc[n+]1CCCC.NCCCC[C@H](N)C(=O)[O-],18,0.7188612099644128,"1,2-diethylpyridinium",L-lysinate,927.93,978.32,866.73,957.33,7.06,2.19,7,Pyridinium,1
C80_A80,CCCC(C)CCC(CCC)(C(C)=O)[n+]1cc[nH]c1.NCCCC[C@H](N)C(=O)[O-],19,0.5530973451327433,1-butyl-3-methylimidazolium,L-lysinate,925.87,1017.72,944.96,982.23,2.02,3.61,7,Imidazolium,1
C82_A82,CCCCCCCC[n+]1cccc(C)c1CCC.CCCCCCCCOS(=O)(=O)[O-],18,0.6029850746268657,"1,2-diethylpyridinium",octyl sulfate,925.43,981.36,927.66,969.42,0.24,1.23,7,Pyridinium,1
C87_A87,CCCCCC(CCC)CC[NH+](C)C=N.COS(=O)(=O)[O-],15,0.6049382716049383,"N,N,N-triethyldodecan-1-aminium",methylsulfate,960.27,1050.25,631.25,1054.81,52.12,0.43,7,Aminium,1
C90_A90,CCCCCCCCCCC[n+]1ccccc1.CCCCCCCCOS(=O)(=O)[O-],17,0.8899082568807339,1-butylpyridinium,octyl sulfate,912.1,1000.24,906.82,972.49,0.58,2.85,7,Pyridinium,1
C96_A96,CCCCCCC[P+](CC)(CC)CCP.NCCCC[C@H](N)C(=O)[O-],15,0.8513513513513513,triethyloctylammonium,L-lysinate,950.22,985.06,832.87,967.56,14.09,1.81,7,Ammonium,1
C97_A97,CCCCP(c1c[n+](CCC(C)S)cn1C)C(C)C.NCCCC[C@H](N)C(=O)[O-],19,0.5537190082644629,1-butyl-3-methylimidazolium,L-lysinate,1009.4,1085.29,859.2,1038.71,17.48,4.48,7,Imidazolium,1
C98_A98,CCCCC(CC)CCCCC[n+]1ccn(C)c1.CCCCCCCCOS(=O)(=O)[O-],18,0.9325842696629212,1-methyl-3-octyl-1H-imidazol-3-ium,octyl sulfate,951.85,993.7,909.84,976.1,4.62,1.8,7,Imidazolium,1
C03_A03,PCCCCCCCCCCC[n+]1ccccc1.CCCCCCCCOS(=O)(=O)[O-],18,0.8220338983050848,1-butylpyridinium,octyl sulfate,931.59,1024.14,904.44,1008.01,3.0,1.6,7,Pyridinium,1
C12_A12,CCCCCC(CCC)[n+]1ccn(CCC#P)c1.O=S(=O)([O-])C(F)(F)F,18,0.7127659574468085,1-butyl-3-methylimidazolium,trifluoromethanesulfonate,1064.94,981.28,753.98,1140.84,41.24,13.99,7,Imidazolium,1
C18_A18,C=Nc1n(CCCCCCCCCC)cc[n+]1C.CCCCCCCCOS(=O)(=O)[O-],18,0.6943005181347149,1-butyl-3-methylimidazolium,octyl sulfate,927.82,1026.43,896.94,998.77,3.44,2.77,7,Imidazolium,1
C19_A19,PCCCCCCCCCCC[n+]1ccccc1.CCCCCCCCOS(=O)(=O)[O-],18,0.8220338983050848,1-butylpyridinium,octyl sulfate,931.59,1024.14,1054.13,1010.06,11.62,1.39,7,Pyridinium,1
C06_A06,CCCCCCCC[P+](CC)(CC)CCS.NCCCC[C@H](N)C(=O)[O-],16,0.8648648648648649,triethyloctylammonium,L-lysinate,1032.61,1061.84,855.36,981.66,20.72,8.17,7,Ammonium,1
C10_A10,CCCCCCCC[n+]1cccc(CCC)c1.C[C@@H](O)[C@H](N)C(=O)[O-],17,0.7565217391304347,N-octyl-3-methylpyridinium,L-threoninate,954.15,1024.79,740.67,974.25,28.82,5.19,7,Pyridinium,1
C08_A08,CCCCn1cc[n+](CCCCCCONO)c1.CC(=O)[O-],18,0.8121212121212121,1-butyl-3-methylimidazolium,acetate,1010.26,1049.74,608.87,1059.24,65.92,0.9,6,Imidazolium,1
C10_A10,CCCCCC(CCCC)Cn1cc[n+](CN)c1.N#C[C-](C#N)C#N,18,0.7362637362637363,1-butyl-3-methylimidazolium,tricyanomethane,952.92,959.32,653.08,995.89,45.91,3.67,6,Imidazolium,1
C01_A01,CCC(CC)CCCCCCCn1cc[n+](S)c1N.CCCCCCCCOS(=O)(=O)[O-],19,0.6237623762376238,1-butyl-3-methylimidazolium,octyl sulfate,990.99,997.82,953.28,1030.46,3.96,3.17,6,Imidazolium,1
C04_A04,Cc1cc[n+](CCCCCCCCCCCP)cc1.NCCS(=O)(=O)[O-],19,0.8848920863309353,1-butyl-2-methylpyridinium,2-aminoethanesulfonate,971.82,,739.63,1072.17,31.39,0.67,6,Pyridinium,1
C07_A07,Cc1ccc[n+](CCCCCCCCCCCP)c1.NCCS(=O)(=O)[O-],19,0.956043956043956,N-octyl-3-methylpyridinium,2-aminoethanesulfonate,986.73,1068.57,836.29,1076.03,17.99,0.69,6,Pyridinium,1
C11_A11,CCCCCCCCCCn1c[n+](C)cc1NO.O=C([O-])[C@@H]1CCCN1,18,0.6442307692307693,1-butyl-3-methylimidazolium,L-prolinate,1002.54,1037.63,819.82,1026.11,22.29,1.12,6,Imidazolium,1
C12_A12,CCCCCCCCCCn1cc[n+](SS)c1N.CCCCCCCCOS(=O)(=O)[O-],18,0.6046511627906976,1-butyl-3-methylimidazolium,octyl sulfate,988.23,1002.77,940.73,1070.04,5.05,6.29,6,Imidazolium,1
C18_A18,CCCCCCCC[n+]1cccc(C)c1CCC.CCCCCCCCOS(=O)(=O)[O-],18,0.6029850746268657,"1,2-diethylpyridinium",octyl sulfate,919.53,1007.25,1031.34,969.5,10.84,3.89,6,Pyridinium,1
C20_A20,CCCCCCCC[n+]1cccc(CF)c1.CCCCCCCCOS(=O)(=O)[O-],16,0.7909090909090909,N-octyl-3-methylpyridinium,octyl sulfate,1032.11,1059.73,818.43,1018.95,26.11,4.0,6,Pyridinium,1
C02_A02,CCCc1n(C)c(CC)c[n+]1C(N)C(C)C.N#C[N-]C#N,16,0.5236220472440944,1-butyl-3-methylimidazolium,dicyanamide,985.38,1083.23,522.1,1011.91,88.73,7.05,6,Imidazolium,1
C12_A12,CCCCC(CC)(CCC)CC[N+]1=C(S)CCC1.N[C@@H](CO)C(=O)[O-],18,0.5132743362831859,"N,N,N-triethyldodecan-1-aminium",L-serinate,1013.98,1040.46,783.03,1015.28,29.49,2.48,6,Aminium,1
C13_A13,CCC(CCP)C(SCC(C)CCCN)N([NH3+])O.NCCCC[C@H](N)C(=O)[O-],18,0.509009009009009,1-butyl-3-methylimidazolium,L-lysinate,945.94,992.99,886.71,1072.22,6.68,7.39,6,Imidazolium,1
C14_A14,CCCC([NH3+])C(C)(CCC)N(N=N)C(C)=O.[Cl-],16,0.5079365079365079,1-ethylpyridinium,chloride,1048.13,1046.05,460.58,1018.01,127.57,2.75,6,Pyridinium,1
C15_A15,CCCCC(CC)(CCC)CC[N+]1=C(S)CCC1.N[C@@H](CO)C(=O)[O-],18,0.5132743362831859,"N,N,N-triethyldodecan-1-aminium",L-serinate,1013.98,1040.46,713.49,1015.79,42.12,2.43,6,Aminium,1
C16_A16,CCC(CCCCCCCCCl)n1cc[n+](C)c1.NCCCC[C@H](N)C(=O)[O-],18,0.7486033519553073,1-butyl-3-methylimidazolium,L-lysinate,984.56,1059.49,819.28,1030.0,20.17,2.86,6,Imidazolium,1
C19_A19,CCCCCC[n+]1ccn(C(N)(CC)CCC)c1.C[C@@H](O)[C@H](N)C(=O)[O-],18,0.6146788990825688,1-butyl-3-methylimidazolium,L-threoninate,1020.5,1064.97,752.0,1006.06,35.7,5.86,6,Imidazolium,1
C24_A24,CCC(CCCS)[n+]1cc[nH]c1.CS(=O)(=O)[O-],12,0.6878612716763006,1-butyl-3-methylimidazolium,methanesulfonate,906.21,1004.25,445.29,1210.55,103.51,17.04,6,Imidazolium,1
C25_A25,CCCCCC[n+]1c(N=N)c(PCC)n(C)c1C.O=C([O-])[C@@H]1CCCN1,18,0.5275590551181102,1-butyl-3-methylimidazolium,L-prolinate,948.19,1041.23,739.93,1053.78,28.15,1.19,6,Imidazolium,1
C26_A26,CCCC(S)C[n+]1cc[nH]c1.CS(=O)(=O)[O-],11,0.6744186046511628,1-butyl-3-methylimidazolium,methanesulfonate,964.47,1022.89,411.16,1237.06,134.57,17.31,6,Imidazolium,1
C30_A30,CCCCC(CC)(CCC)CC[N+]1=C(S)CCC1.N#C[S-],18,0.5132743362831859,"N,N,N-triethyldodecan-1-aminium",thiocyanate,972.67,1020.45,600.75,982.07,61.91,3.91,6,Aminium,1
C32_A32,CCCCC(CCC)[n+]1cc[nH]c1.O=S(=O)([O-])C(F)(F)F,13,0.6900584795321637,1-butyl-3-methylimidazolium,trifluoromethanesulfonate,973.49,1070.81,503.5,1185.52,93.34,9.68,6,Imidazolium,1
C34_A34,CCCCCCC(NF)[N+](C)(CCCl)CCCC.NCCCC[C@H](N)C(=O)[O-],18,0.5041322314049587,triethyloctylammonium,L-lysinate,965.78,1043.6,815.53,1047.84,18.42,0.4,6,Ammonium,1
C39_A39,CCCCc1c[n+](C)c(CCC(C)CC)n1CC.NCCCC[C@H](N)C(=O)[O-],18,0.5365853658536586,1-butyl-3-methylimidazolium,L-lysinate,944.87,1007.12,813.79,964.08,16.11,4.46,6,Imidazolium,1
C41_A41,CCCNC(=[NH+]C(Cl)CC)N(C)CSCCC.O=[N+]([O-])[O-],17,0.5,triethyloctylammonium,nitrate,1024.82,1069.57,572.38,1123.9,79.05,4.83,6,Ammonium,1
C45_A45,CCCC(C)CC[NH+](C)C=N.COP(=O)([O-])OC,11,0.6266666666666667,"N,N,N-triethyldodecan-1-aminium",dimethylphosphate,992.26,1086.37,520.85,1081.58,90.51,0.44,6,Aminium,1
C47_A47,CCCC(C)c1c(C)n(C(C)CC)c(N)[n+]1C(C)S.O=C([O-])[C@@H]1CCCN1,19,0.5234375,1-butyl-3-methylimidazolium,L-prolinate,1043.57,1034.41,737.63,1031.78,41.48,0.25,6,Imidazolium,1
C53_A53,CCCCC(CC)(CCC)CC[N+]1=C(S)CCC1.N#C[S-],18,0.5132743362831859,"N,N,N-triethyldodecan-1-aminium",thiocyanate,972.67,1020.45,596.16,979.65,63.16,4.16,6,Aminium,1
C58_A58,CCCCCC[n+]1cc(CCC)cc(C)c1CC.CCCCCCCCOS(=O)(=O)[O-],18,0.5579399141630901,1-ethyl-2-methylpyridinium,octyl sulfate,932.06,1010.91,926.97,968.88,0.55,4.34,6,Pyridinium,1
C61_A61,CCCC(CC(C)CC)C[NH+]1C=NC(P)=C1.CS(=O)(=O)[O-],16,0.5,"N,N,N-triethyldodecan-1-aminium",methanesulfonate,1032.4,1051.09,581.04,1100.28,77.68,4.47,6,Aminium,1
C65_A65,O=NC(F)(NC(=O)S)[n+]1cc[nH]c1.N#C[C-](C#N)C#N,13,0.5236051502145923,1-butyl-3-methylimidazolium,tricyanomethane,970.43,1040.45,348.82,1426.02,178.2,27.04,6,Imidazolium,1
C01_A01,CCCCCCC[n+]1ccn(CC)c1N.O=C([O-])[C@@H]1CCCN1,15,0.7486033519553073,1-butyl-3-methylimidazolium,L-prolinate,1028.09,946.5,700.69,1021.13,46.73,7.31,5,Imidazolium,1
C07_A07,Cc1ccc[n+](CCCCCCCCC(F)(F)F)c1.CC(=O)[O-],19,0.8969072164948454,N-octyl-3-methylpyridinium,acetate,979.53,953.95,603.44,1056.07,62.32,9.67,5,Pyridinium,1
C18_A18,PCCCCCCCCCCC[n+]1ccccc1.NCCCC[C@H](N)C(=O)[O-],18,0.8220338983050848,1-butylpyridinium,L-lysinate,990.28,1049.54,860.11,1002.63,15.13,4.68,5,Pyridinium,1
C01_A01,CCCCCC(CCCC)Cn1cc[n+](CN)c1.C[C@@H](O)[C@H](N)C(=O)[O-],18,0.7362637362637363,1-butyl-3-methylimidazolium,L-threoninate,936.81,1014.39,760.15,1018.0,23.24,0.35,5,Imidazolium,1
C10_A10,FCCCCCn1cc[n+](CCCCF)c1NF.CCOS(=O)(=O)[O-],18,0.6802030456852792,1-butyl-3-methylimidazolium,ethylsulfate,1087.45,1011.53,641.26,1211.79,69.58,16.53,5,Imidazolium,1
C13_A13,CCCC(P)CCCC[N+]1(C)CCCCC1.NCCCC[C@H](N)C(=O)[O-],16,0.8082191780821918,"N,N,N-triethyldodecan-1-aminium",L-lysinate,954.62,1050.04,824.19,1027.49,15.83,2.19,5,Aminium,1
C16_A16,CCCCn1cc[n+](C)c1NCC.C[C@@H](O)[C@H](N)C(=O)[O-],13,0.6733668341708543,1-butyl-3-methylimidazolium,L-threoninate,1040.41,966.44,632.82,1066.45,64.41,9.38,5,Imidazolium,1
C17_A17,CCCC[P+](CC)(CCCC)CC(S)CC.NCCCC[C@H](N)C(=O)[O-],16,0.675,tetrabutylphosphonium,L-lysinate,1028.81,1068.43,910.84,977.96,12.95,9.25,5,Phosphonium,1
C22_A22,CCCC(CC)CCn1cc[n+](C)c1C(F)(F)F.O=C([O-])C(F)(F)F,18,0.6146788990825688,1-butyl-3-methylimidazolium,trifluoroacetate,1054.96,1023.65,589.93,1192.04,78.83,14.13,5,Imidazolium,1
C24_A24,C=NC([n+]1ccn(CCCCCCC)c1)C(F)(F)F.COP(=O)([O-])OC,19,0.6118721461187214,1-butyl-3-methylimidazolium,dimethylphosphate,1048.14,1049.15,645.52,1166.17,62.37,10.03,5,Imidazolium,1
C26_A26,CCCCC(C)(CCC)CC[N+](C)(C)CC(F)(F)F.C[C@@H](O)[C@H](N)C(=O)[O-],19,0.6145833333333334,"N,N,N-triethyldodecan-1-aminium",L-threoninate,937.31,976.51,736.65,1069.04,27.24,8.66,5,Aminium,1
C30_A30,CCCCCCC(N)[N+](C)(CC)CCCC.C[C@@H](O)[C@H](N)C(=O)[O-],16,0.6082474226804123,"N,N,N-triethyldodecan-1-aminium",L-threoninate,982.91,990.69,805.99,982.34,21.95,0.85,5,Aminium,1
C43_A43,CCC[n+]1ccn(CC(C)C(N)(F)F)c1.CCOS(=O)(=O)[O-],15,0.7318435754189944,1-isobutyl-3-methylimidazolium,ethylsulfate,1010.43,1063.49,584.42,1237.88,72.89,14.09,5,Imidazolium,1
C44_A44,CCCCCC[n+]1ccn(CC(C)C)c1C(F)(F)F.CCOS(=O)(=O)[O-],19,0.6118721461187214,1-butyl-3-methylimidazolium,ethylsulfate,1006.36,1061.29,645.49,1154.97,55.91,8.11,5,Imidazolium,1
C51_A51,CCCn1cc(N=C=O)[n+](CCC)c1.CS(=O)(=O)[O-],14,0.6111111111111112,1-butyl-3-methylimidazolium,methanesulfonate,983.64,1066.62,496.28,1202.08,98.2,11.27,5,Imidazolium,1
C52_A52,CCC[N+](C)(CCO)CCCCCCS(C)(=O)=O.CC(=O)[O-],18,0.6263736263736264,"N,N,N-triethyldodecan-1-aminium",acetate,1030.2,,723.54,1113.5,42.38,4.98,5,Aminium,1
C01_A01,CCCCC(CC)(CCC)CC[N+]1=C(S)CCC1.C[C@@H](O)[C@H](N)C(=O)[O-],18,0.5132743362831859,"N,N,N-triethyldodecan-1-aminium",L-threoninate,985.42,1043.23,1143.26,1005.7,13.81,3.73,5,Aminium,1
C06_A06,CCCC(C)CCCC([n+]1ccccc1)C(F)(F)F.CCOS(=O)(=O)[O-],19,0.532967032967033,1-butylpyridinium,ethylsulfate,970.89,1057.96,677.55,1144.18,43.29,7.54,5,Pyridinium,1
C08_A08,FC[n+]1cc(F)n(CCCOF)c1.N#CN=C=[N-],13,0.6113744075829384,1-isobutyl-3-methylimidazolium,dicyanoazanide,986.13,1078.71,389.04,1276.75,153.48,15.51,5,Imidazolium,1
C12_A12,CCCCCCNCn1cc[n+](C)c1C#N.N[C@@H](CO)C(=O)[O-],16,0.5121951219512195,triethyloctylammonium,L-serinate,997.82,1091.8,707.61,1103.77,41.01,1.08,5,Ammonium,1
C13_A13,CCCC(C)c1cccc[n+]1C(CCP)C(F)(F)F.CCCCCCCCOS(=O)(=O)[O-],19,0.5394190871369294,1-ethyl-2-methylpyridinium,octyl sulfate,1014.48,1007.66,923.17,1105.62,9.89,8.86,5,Pyridinium,1
C17_A17,CCCCCCC[N+](C)(C)C(P)CCCC.NCCCC[C@H](N)C(=O)[O-],16,0.5714285714285714,"N,N,N-triethyldodecan-1-aminium",L-lysinate,986.67,991.41,804.25,992.33,22.68,0.09,5,Aminium,1
C18_A18,CCc1ccc(N=NC)c[n+]1CC(CF)C(=O)F.NCCCC[C@H](N)C(=O)[O-],18,0.5508474576271186,1-ethyl-2-methylpyridinium,L-lysinate,944.84,1030.39,667.22,1162.23,41.61,11.34,5,Pyridinium,1
C22_A22,CCCCc1cn(C)c[n+]1CCCC(CF)C(=O)O.N#CN=C=[N-],19,0.5702127659574469,1-butyl-3-methylimidazolium,dicyanoazanide,905.81,1005.56,564.0,1109.42,60.6,9.36,5,Imidazolium,1
C23_A23,CCCCNc1[nH]c(N)c[n+]1C.O=S(=O)([N-]S(=O)(=O)C(F)(F)F)C(F)(F)F,12,0.5118483412322274,1-butyl-3-methylimidazolium,bis[(trifluoromethyl)sulfonyl]imide,1047.22,1041.1,556.43,1459.54,88.2,28.67,5,Imidazolium,1
C28_A28,C=S(=O)(F)c1n(C)c(NPC(C)C)c(NC)[n+]1F.O=C([O-])[C@@H]1CCCN1,18,0.5137254901960784,1-butyl-3-methylimidazolium,L-prolinate,1010.42,1044.91,620.66,1254.71,62.8,16.72,5,Imidazolium,1
C30_A30,CCC(CC)COC(C(P)CF)C(N)[NH2+]OC.N[C@@H](CO)C(=O)[O-],17,0.5081967213114754,triethyloctylammonium,L-serinate,970.18,1034.92,689.46,1151.34,40.72,10.11,5,Ammonium,1
C36_A36,CCCCCCCCCCn1cc[n+](S)c1N.N#C[N-]C#N,17,0.63,1-butyl-3-methylimidazolium,dicyanamide,952.72,977.27,570.41,1051.01,67.02,7.02,5,Imidazolium,1
C40_A40,CCCCC(F)[N+](C)(C)CCOC(C)=O.N#CN=C=[N-],15,0.5178571428571429,"N,N,N-triethyldodecan-1-aminium",dicyanoazanide,975.78,975.82,510.76,1103.25,91.04,11.55,5,Aminium,1
C47_A47,CCCC([NH3+])(F)C(CC(C)C(C)=O)C(N=N)NSC.N#CN=C=[N-],19,0.5150214592274678,1-butyl-3-methylimidazolium,dicyanoazanide,1004.41,1075.16,726.67,1117.98,38.22,3.83,5,Imidazolium,1
C52_A52,CNc1c(F)ccc[n+]1C(OCO)C(C)(C)C.N#C[C-](C#N)C#N,17,0.524,1-butyl-3-methylimidazolium,tricyanomethane,935.93,1032.37,508.73,1151.46,83.97,10.34,5,Imidazolium,1
C55_A55,Nc1c(N=NF)ccc(N=NNO)[n+]1C(F)C(O)P.O=S(=O)([O-])C(F)(F)F,19,0.5118110236220472,1-butyl-3-methylimidazolium,trifluoromethanesulfonate,1064.83,1009.67,505.09,1587.92,110.82,36.42,5,Imidazolium,1
C61_A61,CCCCC[n+]1cc(NC)n(CCC)c1NC.O=C([O-])[C@@H]1CCCN1,17,0.5702127659574469,1-butyl-3-methylimidazolium,L-prolinate,921.84,985.44,702.53,1025.09,31.22,3.87,5,Imidazolium,1
C62_A62,CCCC(N)(CCC)[n+]1ccc(N(C)C)c(P)c1.NCCCC[C@H](N)C(=O)[O-],18,0.5186721991701245,1-ethyl-2-methylpyridinium,L-lysinate,931.25,1031.08,834.27,1062.8,11.62,2.98,5,Pyridinium,1
C65_A65,CCCCC(N=NC(=O)O)[n+]1ccc(F)cc1N.O=S(=O)([N-]S(=O)(=O)C(F)(F)F)C(F)(F)F,18,0.5397489539748954,1-ethyl-2-methylpyridinium,bis(trifluoromethylsulfonyl)imide,994.35,1038.23,612.94,1485.88,62.23,30.13,5,Pyridinium,1
C66_A66,CC(C1CC1)C(CCF)[NH2+]C(N)OO.NCCCC[C@H](N)C(=O)[O-],14,0.5,triethyloctylammonium,L-lysinate,1009.41,1040.32,648.08,1100.88,55.75,5.5,5,Ammonium,1
C70_A70,CCCC[NH2+]C(S)(OC(C#N)CCCC(C)F)SO.N[C@@H](CO)C(=O)[O-],19,0.5039370078740157,triethyloctylammonium,L-serinate,968.97,1066.79,663.58,1190.57,46.02,10.4,5,Ammonium,1
C72_A72,CN(CC(C)(N)F)c1cc[n+](CCCCF)c(F)c1.O=C([O-])[C@@H]1CCCN1,19,0.5210084033613446,1-ethyl-2-methylpyridinium,L-prolinate,1015.25,987.14,693.0,1173.65,46.5,15.89,5,Pyridinium,1
C74_A74,CCCCCCC[NH+](C)CN.NCCCC[C@H](N)C(=O)[O-],11,0.6056338028169014,"N,N,N-triethyldodecan-1-aminium",L-lysinate,953.44,964.07,686.33,1008.89,38.92,4.44,5,Aminium,1
C75_A75,CCCCCCCCCn1cc(N=C=O)[n+](C)c1.COS(=O)(=O)[O-],18,0.6380952380952379,1-butyl-3-methylimidazolium,methylsulfate,1031.03,1042.86,606.39,1141.4,70.03,8.63,5,Imidazolium,1
C76_A76,CCCCc1cn(C)c[n+]1CCC(F)(F)F.N#C[N-]C#N,16,0.5814977973568282,1-butyl-3-methylimidazolium,dicyanamide,1018.91,1034.22,488.68,1130.29,108.5,8.5,5,Imidazolium,1
C85_A85,CCCC(CCC)Cc1c(C)cc(C)c(N)[n+]1CC.O=S(=O)([N-]S(=O)(=O)C(F)(F)F)C(F)(F)F,19,0.5263157894736842,1-ethyl-2-methylpyridinium,bis(trifluoromethylsulfonyl)imide,992.91,1009.53,792.3,1237.89,25.32,18.45,5,Pyridinium,1
C87_A87,C=CC(F)(n1c(N)c(CC)[n+](C)c1C)[SH](=O)=O.N#CN=C=[N-],17,0.5234375,1-butyl-3-methylimidazolium,dicyanoazanide,1024.55,1070.31,463.26,1269.4,121.16,15.68,5,Imidazolium,1
C89_A89,CCCCP(CCC)CC(C[NH3+])PCCC.NCCCC[C@H](N)C(=O)[O-],16,0.5,triethylhexylammonium,L-lysinate,1011.73,1006.32,797.63,986.74,26.84,1.98,5,Ammonium,1
C92_A92,Nc1c[n+](CO)c(N[SH](=O)=O)n1CF.N#C[C-](C#N)C#N,14,0.522633744855967,1-butyl-3-methylimidazolium,tricyanomethane,1035.32,1003.24,407.75,1500.38,153.91,33.13,5,Imidazolium,1
C96_A96,CCCC1CC1C(CO)C(F)(CC[NH3+])CCCF.O=C([O-])[C@@H]1CCCN1,18,0.5086206896551724,triethyloctylammonium,L-prolinate,1019.35,1033.15,790.71,1061.42,28.92,2.66,5,Ammonium,1
C98_A98,CCCCCCCC[N+]1(C)CCC(Cl)CC1.NCCCC[C@H](N)C(=O)[O-],16,0.7375,"N,N,N-triethyldodecan-1-aminium",L-lysinate,991.65,1073.1,830.33,1042.34,19.43,2.95,5,Aminium,1
C01_A01,C#CC(N=C=S)[N+](C)(CC(=O)O)C(O)(F)C(O)S.N[C@@H](CO)C(=O)[O-],18,0.5098814229249012,1-butyl-3-methylimidazolium,L-serinate,1407.57,934.51,580.82,1452.21,142.34,35.65,4,Imidazolium,1
C03_A03,CC[NH2+]C(O)(CN(S)S(C)(=O)=O)OC.N[C@@H](CO)C(=O)[O-],14,0.5163934426229508,1-ethylpyridinium,L-serinate,1381.8,920.24,522.59,1370.71,164.41,32.86,4,Pyridinium,1
C07_A07,CCOC(C(C)[NH3+])S(=O)(=O)OC1(Cl)CC1.N#C[C-](C#N)C#N,15,0.5083333333333333,1-butyl-3-methylimidazolium,tricyanomethane,1264.7,920.14,477.62,1290.27,164.79,28.69,4,Imidazolium,1
C08_A08,CCC(CCSC)C[P+](CC)(CC)CCl.O=C([O-])[C@@H]1CCCN1,15,0.5959595959595959,triethyloctylammonium,L-prolinate,1349.13,907.23,679.66,1063.27,98.5,14.68,4,Ammonium,1
C12_A12,CCC(CSSCl)[n+]1cc(P)n(CC)c1S.C[C@@H](O)[C@H](N)C(=O)[O-],16,0.5428571428571428,1-butyl-3-methylimidazolium,L-threoninate,1431.32,930.87,647.24,1274.82,121.14,26.98,4,Imidazolium,1
C15_A15,CCCC(N)(N=N)[NH+]1C=CN(Nc2ccccc2)C1.CCOS(=O)(=O)[O-],19,0.5121951219512195,1-butyl-3-methylimidazolium,ethylsulfate,1217.4,929.16,618.56,1239.13,96.81,25.02,4,Imidazolium,1
C20_A20,Cc1n(Cl)cc(O)[n+]1CC#N.N#C[S-],11,0.5111111111111111,1-ethyl-2-methylpyridinium,thiocyanate,1305.47,878.86,262.43,1331.2,397.45,33.98,4,Pyridinium,1
C21_A21,CCCCCCc1c[n+](OCSC)ccc1C.O=S(=O)([N-]S(=O)(=O)C(F)(F)F)C(F)(F)F,17,0.5176991150442478,1-isobutyl-3-methylimidazolium,bis[(trifluoromethyl)sulfonyl]imide,1246.55,904.33,732.05,1319.78,70.28,31.48,4,Imidazolium,1
C22_A22,CCOC(C)n1cc[n+](C)c1OC(C)(CPP)SC.N[C@@H](CS)C(=O)[O-],19,0.5282258064516129,1-butyl-3-methylimidazolium,L-cysteinate,1251.53,921.38,690.64,1204.35,81.21,23.5,4,Imidazolium,1
C24_A24,CCC(C)n1cc(ON=N)[n+](C)c1.O=C([O-])C(F)(F)F,13,0.6064814814814815,1-isobutyl-3-methylimidazolium,trifluoroacetate,1217.93,936.54,431.35,1239.43,182.35,24.44,4,Imidazolium,1
C27_A27,C=NC(C)CCNn1cc(C(C)N=C)[n+](P)c1.N#CN=C=[N-],17,0.5201612903225806,1-butyl-3-methylimidazolium,dicyanoazanide,1304.16,897.96,547.26,1124.07,138.31,20.12,4,Imidazolium,1
C29_A29,CCCCc1c(C)cc(C)c[n+]1CCCC(S)CCl.NCCCC[C@H](N)C(=O)[O-],19,0.5462184873949579,1-ethyl-2-methylpyridinium,L-lysinate,1263.5,934.51,786.71,1073.74,60.61,12.97,4,Pyridinium,1
C31_A31,CNCCC(O)C(F)C[NH+](CCCO)CCCS.NCCCC[C@H](N)C(=O)[O-],18,0.4830508474576271,1-ethylpyridinium,L-lysinate,1265.51,913.74,950.53,1159.5,33.14,21.2,4,Pyridinium,1
C34_A34,CC(P)CCC(S)CCC[n+]1cccc(P)c1.O=S(=O)([N-]S(=O)(=O)C(F)(F)F)C(F)(F)F,17,0.6129032258064516,1-butyl-2-methylpyridinium,bis[(trifluoromethyl)sulfonyl]imide,1404.72,944.88,706.62,1387.39,98.79,31.9,4,Pyridinium,1
C37_A37,CN[n+]1cn(SC(C)(C)C)c(O)c1F.C[C@@H](O)[C@H](N)C(=O)[O-],14,0.5080645161290323,1-butyl-3-methylimidazolium,L-threoninate,1260.4,898.13,637.69,1208.76,97.65,25.7,4,Imidazolium,1
C39_A39,CCCC(S)CC(O)CCC([NH3+])(O)C(C)[PH](N)=O.N[C@@H](CO)C(=O)[O-],18,0.5079365079365079,1-ethylpyridinium,L-serinate,1315.74,981.33,768.8,1240.34,71.14,20.88,4,Pyridinium,1
C46_A46,CSOS(=O)(=O)C(O)CCCn1cc[n+](C)c1.N#CN=C=[N-],17,0.6504854368932039,1-butyl-3-methylimidazolium,dicyanoazanide,1361.62,908.68,501.52,1312.56,171.5,30.77,4,Imidazolium,1
C48_A48,CCC(CCCC(N)Cn1cc(C)[n+](C)c1F)N=N.O=C([O-])C(F)(F)F,19,0.5702127659574469,1-butyl-3-methylimidazolium,trifluoroacetate,1237.1,949.88,626.8,1194.09,97.37,20.45,4,Imidazolium,1
C49_A49,CCCCS(=O)c1ccc[n+](C(C)[SH](N)CC)c1C.N[C@@H](CS)C(=O)[O-],19,0.5236220472440944,1-butyl-3-methylimidazolium,L-cysteinate,1216.38,924.02,735.14,1116.18,65.46,17.22,4,Imidazolium,1
C56_A56,CCCc1cc(C2CC2)c[n+](C(N)CO)c1.CCOS(=O)(=O)[O-],16,0.5064377682403434,1-butyl-2-methylpyridinium,ethylsulfate,1291.46,956.5,573.54,1163.31,125.17,17.78,4,Pyridinium,1
C64_A64,N=NOCC[NH2+]C(N=O)C(O)F.O=C([O-])[C@@H]1CCCN1,12,0.4579439252336449,triethyloctylammonium,L-prolinate,1303.1,913.15,486.85,1331.64,167.66,31.43,4,Ammonium,1
C68_A68,CN=NPC(SN=O)[n+]1cn(F)c(P)c1S.CC(=O)[O-],16,0.515625,1-butyl-3-methylimidazolium,acetate,1298.6,892.62,419.58,1422.26,209.5,37.24,4,Imidazolium,1
C71_A71,CCOC(=O)C(CCCO)CC[NH+]1C=NC(P)=C1.COS(=O)(=O)[O-],18,0.5080645161290323,triethyloctylammonium,methylsulfate,1290.64,939.58,618.82,1278.01,108.56,26.48,4,Ammonium,1
C75_A75,CCCOS(=O)(=O)C(P)[n+]1ccc(C)cc1CC.[Br-],18,0.5162601626016261,1-ethyl-2-methylpyridinium,bromide,1398.97,956.94,465.0,1367.74,200.85,30.03,4,Pyridinium,1
C76_A76,C=Nc1c(CCCl)n(CCS(=O)(=O)P)c(C)[n+]1C.NCCS(=O)(=O)[O-],18,0.5254901960784314,1-butyl-3-methylimidazolium,2-aminoethanesulfonate,1274.0,952.06,583.78,1375.36,118.23,30.78,4,Imidazolium,1
C78_A78,CC(C(=O)ON)C(P)C[N+]1(C)CCCCC1.[Br-],16,0.5083333333333333,triethyloctylammonium,bromide,1309.91,899.27,475.01,1383.79,175.76,35.01,4,Ammonium,1
C83_A83,CC(=O)OCC[N+](C)(C)CN.CC(=O)[O-],11,0.38144329896907214,"N,N,N-triethyldodecan-1-aminium",acetate,1225.51,916.39,417.59,1181.83,193.47,22.46,4,Aminium,1
C84_A84,CCC(C(P)NCn1cc[n+](F)c1)S(=O)O.N#C[C-](C#N)C#N,16,0.5219298245614035,1-butyl-3-methylimidazolium,tricyanomethane,1321.26,936.3,480.38,1299.44,175.04,27.95,4,Imidazolium,1
C86_A86,CCCC(PC(C)=O)n1c[n+](C(N)F)c(Cl)c1P.[Br-],18,0.5275590551181102,1-butyl-3-methylimidazolium,bromide,1342.73,892.21,495.2,1443.01,171.15,38.17,4,Imidazolium,1
C87_A87,N#Cc1c(S)cc(N(P)C2CC2)[n+]([SH]=N)c1P.COP(=O)([O-])OC,17,0.515625,1-butyl-3-methylimidazolium,dimethylphosphate,1298.41,865.53,609.67,1341.5,112.97,35.48,4,Imidazolium,1
C88_A88,CCCCC(S)C(S)[NH+]1C=NC(SC)=C1.N#C[S-],15,0.5082644628099173,1-butyl-3-methylimidazolium,thiocyanate,1381.04,904.06,443.8,1217.92,211.19,25.77,4,Imidazolium,1
C90_A90,CCCCC(=O)C1COCC(F)[N+]1(C)C(S)CCC.N#C[S-],19,0.5080645161290323,1-isobutyl-3-methylimidazolium,thiocyanate,1289.98,989.78,717.4,1150.04,79.81,13.94,4,Imidazolium,1
C93_A93,N#CC1=C(Cl)C(NCl)=C[N+](Cl)=C1.N#C[S-],12,0.512,triethyloctylammonium,thiocyanate,1392.31,937.82,257.67,1514.9,440.35,38.09,4,Ammonium,1
C96_A96,CC(C)(C)c1c[n+](CN)cn1C(N)CO.O=[N+]([O-])[O-],15,0.5413223140495868,1-butyl-3-methylimidazolium,nitrate,1263.3,940.88,462.82,1236.11,172.96,23.88,4,Imidazolium,1
C99_A99,CCCC[P+](C)(CCCP)CC(S)C(C)O.N#C[C-](C#N)C#N,16,0.6019417475728155,triethyloctylammonium,tricyanomethane,1275.13,895.23,666.11,1073.29,91.43,16.59,4,Ammonium,1
C04_A04,CC(CNS(C)(=O)=O)CC(N)n1cc[n+](CS)c1.CS(=O)(=O)[O-],18,0.6118721461187214,1-butyl-3-methylimidazolium,methanesulfonate,1543.06,838.7,553.11,1365.55,178.98,38.58,4,Imidazolium,1
C06_A06,OC(S)(CCC(S)CCP)n1cc[n+](SF)c1F.O=[N+]([O-])[O-],18,0.5238095238095238,1-butyl-3-methylimidazolium,nitrate,1441.66,903.21,461.35,1420.96,212.49,36.44,4,Imidazolium,1
C09_A09,Cc1cc[n+](CCS)c(C(F)(F)F)c1.NCCS(=O)(=O)[O-],14,0.5963302752293578,1-ethyl-2-methylpyridinium,2-aminoethanesulfonate,1651.76,932.92,477.9,1396.31,245.63,33.19,4,Pyridinium,1
C12_A12,O=C(S)C[n+]1ccn(CC(O)CPCl)c1.COS(=O)(=O)[O-],15,0.6231884057971014,1-isobutyl-3-methylimidazolium,methylsulfate,1511.13,919.18,476.06,1471.68,217.42,37.54,4,Imidazolium,1
C13_A13,O=S(=O)(C[n+]1c[nH]c(O)c1)NO.NCCS(=O)(=O)[O-],12,0.5123966942148761,1-ethylpyridinium,2-aminoethanesulfonate,1499.64,891.12,438.91,1596.76,241.67,44.19,4,Pyridinium,1
C14_A14,CCCSc1n(S)cc(C(F)(F)F)[n+]1P.COS(=O)(=O)[O-],15,0.5060240963855421,1-ethyl-2-methylpyridinium,methylsulfate,1569.68,918.23,448.48,1464.56,250.0,37.3,4,Pyridinium,1
C16_A16,CCCOc1c(S(N)(=O)=O)n(C)c[n+]1C.[Br-],15,0.5177865612648221,1-butyl-3-methylimidazolium,bromide,1604.88,835.42,379.21,1503.2,323.22,44.42,4,Imidazolium,1
C18_A18,CC=CC([NH+](C(C)C)C(N)(N=NO)[SH]=PC)[SH](=O)=O.COS(=O)(=O)[O-],19,0.5183673469387755,1-butyl-3-methylimidazolium,methylsulfate,1429.97,906.14,605.38,1351.98,136.21,32.98,4,Imidazolium,1
C20_A20,CCCCc1cccc[n+]1CC(O)NS(C)(=O)=O.O=S(=O)([N-]S(=O)(=O)C(F)(F)F)C(F)(F)F,18,0.5872093023255814,"1,2-diethylpyridinium",bis[(trifluoromethyl)sulfonyl]imide,1481.75,902.73,677.22,1471.34,118.8,38.65,4,Pyridinium,1
C22_A22,CCCC(Cl)[n+]1cc(N=C=S)n(CCC(C)C#N)c1.O=S(=O)([N-]S(=O)(=O)C(F)(F)F)C(F)(F)F,19,0.551440329218107,1-butyl-3-methylimidazolium,bis(trifluoromethylsulfonyl)imide,1532.71,954.57,632.75,1428.97,142.23,33.2,4,Imidazolium,1
C29_A29,COSC(S)(Cl)[NH2+]CC(O)(O)CCCCCS.C[C@@H](O)[C@H](N)C(=O)[O-],17,0.5206611570247934,triethyloctylammonium,L-threoninate,1562.26,924.88,778.63,1306.51,100.64,29.21,4,Ammonium,1
C32_A32,NC(=O)c1c(O)c(Cl)c(C(=O)O)c(S)[n+]1CP.O=[N+]([O-])[O-],17,0.5234375,1-butyl-3-methylimidazolium,nitrate,1492.1,925.36,390.99,1646.03,281.62,43.78,4,Imidazolium,1
C44_A44,C=NC(CCC)(CC(O)(Cl)CC(N)S)[NH+]1C=CN=C1.NCCCC[C@H](N)C(=O)[O-],19,0.5217391304347826,1-butyl-3-methylimidazolium,L-lysinate,1495.24,935.62,764.61,1198.94,95.56,21.96,4,Imidazolium,1
C46_A46,CCCC(P)CC[n+]1cc(C(F)(F)F)n(C)c1C.O=S(=O)([N-]S(=O)(=O)C(F)(F)F)C(F)(F)F,18,0.5583333333333333,1-butyl-3-methylimidazolium,bis[(trifluoromethyl)sulfonyl]imide,1537.74,959.07,730.4,1408.91,110.53,31.93,4,Imidazolium,1
C48_A48,CCOc1cn([PH](C)=O)c(O)[n+]1C.O=S(=O)([O-])C(F)(F)F,13,0.5099601593625498,1-butyl-3-methylimidazolium,trifluoromethanesulfonate,1599.21,921.63,426.99,1439.95,274.53,36.0,4,Imidazolium,1
C54_A54,N#COCn1cc[n+](C(F)CO)c1P.O=S(=O)([O-])C(F)(F)F,14,0.5241935483870968,1-butyl-3-methylimidazolium,trifluoromethanesulfonate,1481.53,871.43,480.89,1593.63,208.08,45.32,4,Imidazolium,1
C58_A58,C=NC([NH3+])(SC(C)=O)C(O)(O)PCC.NCCCC[C@H](N)C(=O)[O-],14,0.5021459227467812,1-butyl-3-methylimidazolium,L-lysinate,1489.15,904.49,675.1,1220.91,120.58,25.92,4,Imidazolium,1
C61_A61,CCc1c(S(C)(=O)=O)[n+](C(N)SC)cn1C.O=S(=O)([O-])C(F)(F)F,16,0.51953125,1-butyl-3-methylimidazolium,trifluoromethanesulfonate,1493.74,853.63,504.76,1422.85,195.93,40.01,4,Imidazolium,1
C66_A66,N=S(=O)(Cl)c1cn(CCCl)c[n+]1O.NCCCC[C@H](N)C(=O)[O-],13,0.5282258064516129,1-butyl-3-methylimidazolium,L-lysinate,1446.14,896.05,643.48,1368.76,124.74,34.54,4,Imidazolium,1
C67_A67,CCC(C(=O)OC)(C(C)C#N)n1cc[n+](CO)c1C.O=S(=O)([N-]S(=O)(=O)C(F)(F)F)C(F)(F)F,19,0.5256916996047429,1-butyl-3-methylimidazolium,bis[(trifluoromethyl)sulfonyl]imide,1613.48,882.7,673.07,1423.0,139.72,37.97,4,Imidazolium,1
C72_A72,C[n+]1cc(O)n(C(COF)OCCS)c1.O=C([O-])C(F)(F)F,15,0.5313807531380753,1-isobutyl-3-methylimidazolium,trifluoroacetate,1537.66,839.76,470.39,1384.67,226.89,39.35,4,Imidazolium,1
C75_A75,CCCc1cc(Cl)c[n+](CC(CCCS)N=C=S)c1.O=C([O-])[C@@H]1CCCN1,19,0.5304347826086957,1-butyl-2-methylpyridinium,L-prolinate,1626.79,948.97,648.38,1164.14,150.9,18.48,4,Pyridinium,1
C78_A78,CCc1c(S)c(C(Cl)CCCl)cc[n+]1CC.O=S(=O)([N-]S(=O)(=O)C(F)(F)F)C(F)(F)F,16,0.5284552845528455,1-ethyl-2-methylpyridinium,bis[(trifluoromethyl)sulfonyl]imide,1584.8,949.47,612.26,1467.71,158.84,35.31,4,Pyridinium,1
C80_A80,CCCC(N)(N)C([NH3+])(C(CPO)PCC)C(P)SCl.C[C@@H](O)[C@H](N)C(=O)[O-],19,0.5138339920948617,1-butyl-3-methylimidazolium,L-threoninate,1500.71,895.04,814.16,1243.91,84.33,28.05,4,Imidazolium,1
C82_A82,CCc1cc(O)cc[n+]1N(CC(=O)Cl)S(C)=O.O=S(=O)([N-]S(=O)(=O)C(F)(F)F)C(F)(F)F,17,0.528,1-butyl-3-methylimidazolium,bis(trifluoromethylsulfonyl)imide,1629.2,946.1,616.63,1559.29,164.21,39.32,4,Imidazolium,1
C83_A83,CCCC(P)CC[n+]1ccn(CC(F)F)c1.O=S(=O)([N-]S(=O)(=O)C(F)(F)F)C(F)(F)F,16,0.7052631578947368,1-butyl-3-methylimidazolium,bis[(trifluoromethyl)sulfonyl]imide,1619.5,839.31,669.24,1418.99,141.99,40.85,4,Imidazolium,1
C85_A85,CCC(C(Cl)CF)[n+]1cn(CCNC(C)=O)cc1O.COS(=O)(=O)[O-],19,0.5504201680672269,1-isobutyl-3-methylimidazolium,methylsulfate,1489.76,873.13,563.97,1319.11,164.16,33.81,4,Imidazolium,1
C86_A86,CC(=O)C(c1cccc(O)c1F)[n+]1ccn(C)c1P.COS(=O)(=O)[O-],19,0.5234375,1-butyl-3-methylimidazolium,methylsulfate,1541.15,904.34,551.17,1371.23,179.61,34.05,4,Imidazolium,1
C90_A90,COC(CCc1cn(C)c[n+]1C(C)(C)P)C(F)(F)F.CCOS(=O)(=O)[O-],19,0.5282258064516129,1-butyl-3-methylimidazolium,ethylsulfate,1574.61,865.0,622.62,1265.54,152.9,31.65,4,Imidazolium,1
C91_A91,CCCCn1c(CCC)c(S)[n+](Cl)c1CO.O=S(=O)([N-]S(=O)(=O)C(F)(F)F)C(F)(F)F,16,0.5275590551181102,1-butyl-3-methylimidazolium,bis[(trifluoromethyl)sulfonyl]imide,1588.67,837.45,643.91,1416.87,146.72,40.89,4,Imidazolium,1
C93_A93,Cc1cc(C)[n+](-c2cccc(C(F)(F)F)c2)n1CS.C[C@@H](O)[C@H](N)C(=O)[O-],19,0.5137254901960784,1-butyl-3-methylimidazolium,L-threoninate,1580.78,874.93,648.7,1252.84,143.68,30.16,4,Imidazolium,1
C94_A94,Cn1c(S)c(Cl)[n+](CCC(O)CCCS)c1CN.CCCCCCCCOS(=O)(=O)[O-],18,0.5381526104417671,1-butyl-3-methylimidazolium,octyl sulfate,1544.2,870.37,872.46,1206.73,76.99,27.87,4,Imidazolium,1
C01_A01,CC(C)C(P)CCCCC[n+]1ccccc1.CCCCCCCCCCOS(=O)(=O)[O-],16,0.8134328358208955,1-octylpyridinium,decylsulfate,1073.39,997.73,979.19,1011.96,9.62,1.41,3,Pyridinium,1
C05_A05,CCCCC(C)(CCC)[n+]1ccn(C)c1.CCCCCCCCCCCCOS(=O)(=O)[O-],15,0.8199233716475096,1-cyclopentyl-3-butylimidazolium,dodecyl sulfate,1005.3,944.25,936.06,966.99,7.4,2.35,3,Imidazolium,1
C11_A11,CCCCC[N+](C)(C)CCCCCCCl.CCCC(=O)[O-],15,0.8059701492537313,1-hexyl-1-methylpiperidin-1-ium,butanoate,1049.72,988.23,742.26,971.35,41.42,1.74,3,Piperidinium,1
C16_A16,CCC[n+]1ccn(CN)c1.CCCCCCCCCCCCOS(=O)(=O)[O-],10,0.8157894736842105,1-methyl-3-propylimidazolium,dodecyl sulfate,1007.55,1019.64,775.46,1036.42,29.93,1.62,3,Imidazolium,1
C01_A01,CCCCC(CCC(O)CCC)C(O)[n+]1cc[nH]c1.CC(CC(C)(C)C)CP(=O)([O-])CC(C)CC(C)(C)C,19,0.6225490196078431,1-butyl-3-methylimidazolium,"bis(2,4,4-trimethylpentyl)phosphinate",858.45,1290.99,753.34,1166.22,13.95,10.7,2,Imidazolium,1
C01_A01,CCCC[N+]1(SCCC)CCCC(P)C1CCC.N#C[N-]C#N,18,0.5196850393700787,N-methylpyrrolidone,dicyanamide,1109.22,1060.53,606.68,1100.32,82.83,3.62,1,Other,1
C13_A13,CCCCCCC[n+]1ccc(N(C)C)cc1CCC.NCCCC[C@H](N)C(=O)[O-],19,0.7323529411764705,1-ethyl-2-octylpyridin-1-ium,L-lysinate,995.65,867.14,917.72,979.5,8.49,11.47,1,Pyridinium,1
C23_A23,CC[NH+]=C(N(C)C)P(C)C#N.COS(=O)(=O)[O-],11,0.5107296137339056,"1-hexyl-3,5-dimethylpyridinium",methylsulfate,1007.26,1070.24,786.38,1245.67,28.09,14.08,1,Pyridinium,1
C25_A25,CCCC[N+](C)(CCO)CCOC(C)=O.CCCCCCCCOS(=O)(=O)[O-],15,0.8016528925619835,4-butyl-4-methylmorpholin-4-ium,octyl sulfate,1109.3,991.51,810.66,1082.79,36.84,8.43,1,Other,1
C27_A27,CCCC(C)C(N)([NH3+])CC.NCCCC[C@H](N)C(=O)[O-],10,0.4479166666666667,N-methylpyrrolidone,L-lysinate,979.88,1028.15,660.85,1005.19,48.28,2.28,1,Other,1
C29_A29,CCCc1n(CCC)cc(C(N)F)[n+]1C(C)C(=O)CO.NCCS(=O)(=O)[O-],20,0.5234375,1-butyl-3-methylimidazolium,2-aminoethanesulfonate,1149.28,1030.13,702.6,1224.4,63.58,15.87,1,Imidazolium,1
C35_A35,CCCC(C)(C)C(Cn1cc[n+](C)c1C(=O)OC)N=N.NCC(=O)[O-],20,0.5454545454545454,1-(2-azido-3-bromopropyl)-3-methyl-3H-imidazol-1-ium,glycinate,1117.48,1038.16,664.69,1103.79,68.12,5.95,1,Imidazolium,1
C38_A38,CCC[NH+](CCC)CNS(C)(=O)=O.CC(CC(C)(C)C)CP(=O)([O-])CC(C)CC(C)(C)C,13,0.490566037735849,N-methylpyrrolidone,"bis(2,4,4-trimethylpentyl)phosphinate",977.6,1048.64,854.92,1178.28,14.35,11.0,1,Other,1
C46_A46,CCCCC[n+]1cn(CN)cc1CCCC.NCCCC[C@H](N)C(=O)[O-],16,0.575107296137339,1-butyl-3-methylimidazolium,L-lysinate,992.38,900.13,572.75,1021.18,73.27,11.85,1,Imidazolium,1
C47_A47,CCCCCC[n+]1ccccc1N.CCCCCCCCCCOS(=O)(=O)[O-],13,0.6503067484662577,1-hexylpyridinium,decylsulfate,920.18,891.21,423.37,1261.86,117.35,29.37,1,Pyridinium,1
C48_A48,CCCCCn1c[n+](CCCCC)cc1NC(C)=O.CCC(=O)[O-],19,0.575107296137339,1-butyl-3-methylimidazolium,propionate,965.46,886.35,873.01,1109.73,10.59,20.13,1,Imidazolium,1
C49_A49,CCCCC(CCC)CC[P+](CC)(CC)C(C)N.CCOP(=O)([O-])OCC,18,0.6274509803921569,trihexyl(tetradecyl)phosphonium,diethylphosphate,991.32,859.59,588.14,1169.07,68.55,26.47,1,Phosphonium,1
C63_A63,CCCC(CC)[N+](CCP)(CCC(Cl)CC)C(F)P.O=C([O-])C(F)(F)F,19,0.5166666666666667,1-methyl-1-octylpiperidin-1-ium,trifluoroacetate,1105.8,975.11,703.01,1072.64,57.3,9.09,1,Piperidinium,1
C65_A65,C#CC(CF)CC[NH+](CCl)C(N)OCl.N#CN=C=[N-],14,0.5327102803738317,1-methyl-1-octylpiperidin-1-ium,dicyanoazanide,1102.35,1017.92,632.05,973.38,74.41,4.58,1,Piperidinium,1
C80_A80,C=CC([NH+](C)C(C=C(N)F)(CC)CCCC)S(N)(=O)=O.[Cl-],20,0.515625,N-methylpyrrolidone,chloride,1115.64,1008.41,473.23,1185.28,135.75,14.92,1,Other,1
C94_A94,CCCCC(P)C(CC[N+]1(C)CCCC1)SC.C[C@H](N)C(=O)[O-],17,0.5378151260504201,(3-aminopropyl)tributylphosphonium,L-alaninate,1140.74,1019.14,716.64,1068.81,59.18,4.65,1,Phosphonium,1
C96_A96,CCCCCCC(C[n+]1ccccc1NC)S(C)=O.NCCS(=O)(=O)[O-],19,0.5431034482758621,1-hexyl-4-methylpyridinium,2-aminoethanesulfonate,1013.08,944.87,667.42,1163.01,51.79,18.76,1,Pyridinium,1
C05_A05,CCCC(CC(F)(F)F)[NH+]=C(N(C)C)P(P)CC.[I-],18,0.5121951219512195,trihexyl(tetradecyl)phosphonium,iodide,894.95,1261.1,529.47,1170.19,69.03,7.77,1,Phosphonium,1
C07_A07,CCCBc1c[n+](CF)c(F)c(N)c1S(F)(F)F.CC(C)C[C@H](N)C(=O)[O-],18,0.51953125,1-butyl-3-methylimidazolium,L-leucinate,775.87,1386.35,670.15,1135.67,15.78,22.07,1,Imidazolium,1
C13_A13,CCCNc1c(NCC)[n+](CC(N)=O)cn1C(C)C.CC(CC(C)(C)C)CP(=O)([O-])CC(C)CC(C)(C)C,19,0.5243902439024389,1-butyl-3-methylimidazolium,"bis(2,4,4-trimethylpentyl)phosphinate",887.47,1230.84,1065.4,1042.25,16.7,18.09,1,Imidazolium,1
C14_A14,BO[n+]1cc(F)c(NN)c(CCCC)c1N(C)CF.CCCC(=O)[O-],19,0.5275590551181102,1-butyl-3-methylimidazolium,butanoate,847.64,1271.85,835.59,1003.19,1.44,26.78,1,Imidazolium,1
C27_A27,CCCCCC(F)[n+]1ccc(N)c(N)c1N[SH](=O)=O.CCOS(=O)(=O)[O-],19,0.5301204819277109,1-butyl-3-methylimidazolium,ethylsulfate,883.96,1176.38,702.22,951.68,25.88,23.61,1,Imidazolium,1
C33_A33,CCCCC(N[SH]([N+])O)(PCF)[SH](C)CC.O=S(=O)([O-])C(F)(F)C(F)OC(F)(F)C(F)(F)F,16,0.5078125,N-methylpyrrolidone,"1,1,2-trifluoro-2-(perfluoroethoxy)ethanesulfonate",912.45,1247.18,605.42,985.68,50.71,26.53,1,Other,1
C50_A50,CCCCC(CNC)[n+]1cc(N[SH](=O)=O)c(C)cc1N.CCOS(=O)(=O)[O-],20,0.5217391304347826,1-butyl-3-methylimidazolium,ethylsulfate,1059.16,1416.06,733.68,1234.33,44.36,14.72,1,Imidazolium,1
C73_A73,C=Nc1ccc(N)[n+](C(CCCCCC)NC)c1.N#CC(=C=[N-])C#N,18,0.5339805825242718,1-hexyl-4-(4-methyl-1-piperidinyl)pyridinium,tricyanomethanide,738.37,1404.54,615.21,1051.62,20.02,33.56,1,Pyridinium,1
C82_A82,CC(=O)P(C(O)F)[N+](C)(CF)CPO.O=S(=O)([O-])C(F)(F)C(F)F,14,0.5284552845528455,N-methylpyrrolidone,"1,1,2,2-tetrafluoroethane-1-sulfonate",991.49,1320.39,543.53,1576.94,82.42,16.27,1,Other,1
C94_A94,CC(=O)C(CO)[n+]1ccccc1C(F)F.N#C[N-]C#N,15,0.5579399141630901,1-ethyl-2-methylpyridinium,dicyanamide,1032.6,1440.72,413.08,1270.73,149.98,13.38,1,Pyridinium,1
C03_A03,C=NC(C)C(F)[NH+](CF)C(F)C(N)(N)F.[Br-],15,0.5080645161290323,1-ethylpyridinium,bromide,670.62,1540.54,540.14,1591.3,24.16,3.19,1,Pyridinium,1
C01_A01,BCPC(NCCC)=[NH+]C(C)C(C)(F)F.O=S(=O)(F)[N-]S(=O)(=O)F,15,0.525,"N-ethyl-2-(2-methoxyethoxy)-N,N-dimethylethanaminium",bis(fluorosulfonyl)amide,1009.62,990.23,490.14,1166.08,105.99,15.08,1,Aminium,1
C23_A23,CCCCCC[N+]1(CC2CC2)CCCC1C(F)(F)F.CC(=O)[O-],19,0.5478260869565217,1-isobutyl-1-methylpyrrolidinium,acetate,912.01,1005.84,630.69,1068.19,44.61,5.84,1,Pyrrolidinium,1
C27_A27,CCC[SH](N)C(C)[NH+](CC)C(C)(C1CC1)S(N)(=O)=O.Cc1ccc(S(=O)(=O)[O-])cc1,19,0.515625,N-methylpyrrolidone,tosylate,943.06,1111.13,778.25,1181.28,21.18,5.94,1,Other,1
C32_A32,CCCCC(CC)CCC[n+]1c(CC)ccc(F)c1N.[Br-],20,0.6329113924050633,1-ethyl-2-octylpyridin-1-ium,bromide,875.36,943.55,602.05,1129.41,45.4,16.46,1,Pyridinium,1
C45_A45,C=C=NC(N)CC(C)C(N)(C(=C)F)[NH+](F)C(F)C=C.[O-]c1ccccc1,19,0.532258064516129,1-butyl-3-methylimidazolium,phenolate,1018.85,1000.79,691.35,1175.6,47.37,14.87,1,Imidazolium,1
C53_A53,CCCCCCC(N)[N+](P)(CC)CCC.CC(C)C(=O)[O-],15,0.5377358490566038,1-methyl-1-octylpiperidin-1-ium,isobutyrate,970.63,919.81,749.06,948.39,29.58,3.01,1,Piperidinium,1
C60_A60,CCCCC(CC[N+](C)(C)F)C(=O)O.CCCCCCCCCCCCOS(=O)(=O)[O-],14,0.5779816513761468,N-methylpyrrolidone,dodecyl sulfate,1000.16,955.64,887.07,1050.28,12.75,9.01,1,Other,1
C72_A72,CCCCCCCn1cc[n+](C)c1NC.N#CN=C=[N-],15,0.7089947089947091,1-butyl-3-methylimidazolium,dicyanoazanide,891.85,854.32,545.39,1006.27,63.53,15.1,1,Imidazolium,1
C75_A75,Nc1[nH]cc(N[SH](=O)=O)[n+]1F.[Cl-],11,0.5217391304347826,1-ethylpyridinium,chloride,879.66,1175.48,234.64,1711.18,274.9,31.31,1,Pyridinium,1
C83_A83,CCCC(CC)CCCPn1cc(C)[n+](C)c1N.[Br-],18,0.5276595744680851,1-isobutyl-3-methylimidazolium,bromide,902.05,933.61,588.12,1156.96,53.38,19.3,1,Imidazolium,1
C84_A84,CCCn1cc(F)[n+](C(F)P=N)c1.[O-]c1ccccc1,13,0.5611814345991561,1-butyl-3-methylimidazolium,phenolate,1034.75,984.97,464.97,1200.5,122.54,17.95,1,Imidazolium,1
C92_A92,Cc1c[n+](CCCCCF)c(C(C)F)cc1N(C)F.N#C[N-]C#N,19,0.571625344352617,"1-hexyl-3,5-dimethyl-2-pentylpyridinium",dicyanamide,957.91,1040.29,575.17,1120.57,66.54,7.16,1,Pyridinium,1
C93_A93,CCCCCCCC[n+]1cc(C)ccc1S.CCCCCCCCCC(=O)[O-],16,0.6666666666666666,N-octyl-3-methylpyridinium,decanoate,956.31,1048.74,829.36,929.63,15.31,12.81,1,Pyridinium,1
C96_A96,CCCc1c[n+](CCC(C)C)c(N)n1CCC#N.N#C[S-],18,0.5560165975103735,1-butyl-3-methylimidazolium,thiocyanate,923.64,865.3,614.66,1046.05,50.27,17.28,1,Imidazolium,1
C98_A98,CCCC(CC)CC(S)[n+]1ccc(N(C)C)c(C)c1.CC(C)[C@H](N)C(=O)[O-],19,0.7568807339449541,1-hexyl-3-methyl-4-(dimethylamino)pyridinium,L-valinate,970.91,1048.82,849.06,1001.35,14.35,4.74,1,Pyridinium,1
C05_A05,CCCCC(C)[S+](C)CC.CCCCC(CC)COC(=O)CC(C(=O)OCC(CC)CCCC)S(=O)(=O)[O-],10,0.5225225225225225,"n-butyl-4-(n',n'-dimethylammonium)pyridinium","1,4-bis((2-ethylhexyl)oxy)-1,4-dioxobutane-2-sulfonate",1101.0,1150.63,467.23,1162.85,135.64,1.05,1,Pyridinium,1
C19_A19,CCCCCSCCCCCC[N+](CC)(CC)CC.CCCCC(=O)[O-],19,0.7567567567567568,1-hexyl-1-methylpiperidin-1-ium,pentanoate,987.32,1053.19,711.09,1171.35,38.85,10.09,1,Piperidinium,1
C28_A28,CN(C(N)=[N+]F)C(F)NS(C)(=O)=O.O=C([O-])CO,13,0.5172413793103449,"N-ethyl-2-(2-methoxyethoxy)-N,N-dimethylethanaminium",glycolate,1099.33,1197.8,864.94,998.7,27.1,19.94,1,Aminium,1
C34_A34,CCCC(C)[N+]1(C)CCCC(C(=O)O)C1F.N#C[C-](C#N)C#N,16,0.5,N-methylpyrrolidone,tricyanomethane,974.72,1118.23,621.76,1141.4,56.77,2.03,1,Other,1
C44_A44,CCC[n+]1c(C(=O)OC)cn(CC)c1N.CCC(=O)[O-],15,0.5277777777777778,1-butyl-3-methylimidazolium,propionate,974.42,962.07,502.96,1090.46,93.74,11.77,1,Imidazolium,1
C47_A47,CCCCCC[n+]1cc(CC)n(CC)c1NC(C)=O.CCCCC(=O)[O-],19,0.5447154471544715,1-butyl-3-methylimidazolium,pentanoate,948.95,982.87,778.05,956.79,21.97,2.73,1,Imidazolium,1
C50_A50,CC(C)(C)C(C)(N=C=O)C(F)(CCP[NH3+])S(C)(=O)=O.CCCCC(=O)[O-],19,0.5256916996047429,1-butyl-3-methylimidazolium,pentanoate,1101.28,1134.59,673.25,1152.78,63.58,1.58,1,Imidazolium,1
C51_A51,N[NH2+]CCPC(N)=O.[NH3+][C@@H](CCC(=O)[O-])C(=O)[O-],8,0.42857142857142855,butyltrimethylammonium,(S)-2-amino-4-carboxybutanoate,988.15,1077.56,484.82,1385.5,103.82,22.23,1,Ammonium,1
C55_A55,CCCCC(CCCCCP)[n+]1cc[nH]c1.CCCCCCCCOS(=O)(=O)[O-],16,0.7468879668049793,1-cyclopentyl-3-butylimidazolium,octyl sulfate,1055.8,1114.78,869.35,1024.27,21.45,8.84,1,Imidazolium,1
C58_A58,CCCCCCc1c[n+](CCl)c(F)c(N=N)c1C.CCCCO[P@@H](=O)[O-],18,0.515625,N-methylpyrrolidone,butyl phosphonate,1032.39,1259.24,667.44,1118.31,54.68,12.6,1,Other,1
C65_A65,C#CC(CC)C(CCCC)[n+]1c[nH]c2c(S)cccc21.CCCCCCCCOS(=O)(=O)[O-],20,0.5707070707070707,1-butyl-1H-benzimidazolium,octyl sulfate,1121.67,1164.7,922.55,1071.17,21.58,8.73,1,Imidazolium,1
C75_A75,CCCCCC(C)[NH+](CC)C(C=CS)S(N)(=O)=O.CCCCCC(=O)[O-],18,0.528,N-methylpyrrolidone,hexanoate,1071.38,1090.92,759.57,1064.03,41.05,2.53,1,Other,1
C77_A77,CCCCC(CCO)C[n+]1cc[nH]c1N.O=S(=O)([O-])C(F)(F)C(F)F,15,0.6649484536082474,1-butyl-3-methylimidazolium,"1,1,2,2-tetrafluoroethane-1-sulfonate",1060.91,1082.0,669.03,1309.36,58.57,17.36,1,Imidazolium,1
C78_A78,CCC(C)CC(C(SC)[n+]1ccc(P)cc1)C(F)(F)F.NCCCC[C@H](N)C(=O)[O-],20,0.5521739130434783,1-hexyl-4-methylpyridinium,L-lysinate,1059.34,1200.15,775.81,1152.54,36.55,4.13,1,Pyridinium,1
C86_A86,CCCCCC(F)Cn1c(F)c(Cl)[n+](C)c1N.O=S(=O)([O-])c1ccccc1,17,0.5425101214574899,1-butyl-3-methylimidazolium,benzenesulfonate,1064.29,1148.02,633.06,1246.86,68.12,7.93,1,Imidazolium,1
C99_A99,COC(=O)C(F)[N+]1(CCCCCF)CCCCC1.NCCC(=O)[O-],18,0.5319148936170213,4-decyl-4-methylmorpholinium,.beta.-alaninate,1000.92,1286.51,719.56,1159.21,39.1,10.98,1,Other,1
C02_A02,CCCC(C(OF)C1CC(C(F)(F)F)C=[N+]1)C(C)(C)C.N#C[S-],20,0.5196850393700787,N-methylpyrrolidone,thiocyanate,937.26,1272.19,626.53,1078.64,49.6,17.94,1,Other,1
C05_A05,CCCc1c(N=N)n(CC(C)C(N)(F)F)c[n+]1OF.NCC(=O)[O-],19,0.5317460317460317,1-butyl-3-methylimidazolium,glycinate,934.62,1278.95,843.76,1076.98,10.77,18.75,1,Imidazolium,1
C09_A09,CCCCN=NC(O)S([NH3+])(F)OC(C)B(CCC)NF.COCCOCCOS(=O)(=O)[O-],20,0.5196850393700787,N-methylpyrrolidone,2-(2-methoxyethoxy)ethyl sulfate,935.88,1229.75,320.29,1501.64,192.2,18.11,1,Other,1
C10_A10,B[NH2+]C(B)CC(CCC)CCC(C)CCC(F)(F)F.N#C[S-],19,0.4838709677419355,2-hydroxy-N-(2-hydroxyethyl)-N-methylethanaminium,thiocyanate,950.97,1250.71,425.3,1414.98,123.6,11.61,1,Aminium,1
C18_A18,CCC[NH+](CCC1CC1)C(=N)CCC(C)C.O=C([O-])C(F)(F)F,16,0.5858585858585859,1-methyl-1-octylpiperidin-1-ium,trifluoroacetate,967.93,1239.67,615.75,1028.44,57.2,20.54,1,Piperidinium,1
C19_A19,CCCCCC(CC)[n+]1ccn(C)c1NCCC.C[C@@H](O)[C@H](N)C(=O)[O-],18,0.6420118343195266,1-cyclopentyl-3-butylimidazolium,L-threoninate,904.44,1261.18,852.91,999.48,6.04,26.18,1,Imidazolium,1
C25_A25,CCCc1ccccc1CC[n+]1ccn(C)c1.CC(CC(C)(C)C)CP(=O)([O-])CC(C)CC(C)(C)C,17,0.7898832684824902,1-methyl-3-(2-phenylethyl)-1H-imidazolium,"bis(2,4,4-trimethylpentyl)phosphinate",946.79,1199.95,428.11,1568.11,121.16,23.48,1,Imidazolium,1
C26_A26,CCCCC(C(C)F)[SH]([NH3+])CON(CN)OCC.CC(C)[C@H](N)C(=O)[O-],18,0.5284552845528455,(3-aminopropyl)tributylphosphonium,L-valinate,966.54,1238.91,602.26,1318.48,60.49,6.03,1,Phosphonium,1
C29_A29,C=C(CCC)C(CCC)[NH+](C)CC=NCCCP.CCCCCCCCCC(=O)[O-],18,0.5254237288135594,N-methylpyrrolidone,decanoate,925.14,1222.27,702.37,1290.66,31.72,5.3,1,Other,1
C32_A32,CCCC(CC)C[N+](N)=C(N)N(F)F.COS(=O)(=O)[O-],14,0.5315315315315315,1-ethyl-1H-imidazolium,methylsulfate,901.84,1210.22,785.97,1136.18,14.74,6.52,1,Imidazolium,1
C40_A40,CC[P+](C)CC.CC(CC(C)(C)C)CP(=O)([O-])CC(C)CC(C)(C)C,6,0.3902439024390244,tributylethylphosphonium,"bis(2,4,4-trimethylpentyl)phosphinate",911.4,1311.17,663.25,1277.56,37.41,2.63,1,Phosphonium,1
C41_A41,CCC(F)(CCCl)[N+](C)(C)CC1CC1N=NF.CCCCC(CC)COC(=O)CC(C(=O)OCC(CC)CCCC)S(=O)(=O)[O-],17,0.5080645161290323,1-isobutyl-1-methylpyrrolidinium,"1,4-bis((2-ethylhexyl)oxy)-1,4-dioxobutane-2-sulfonate",927.8,1305.42,302.21,1291.87,207.01,1.05,1,Pyrrolidinium,1
C51_A51,CCCCC(CCC)[NH2+]CC(F)C(F)(F)F.O=S(=O)([O-])C(F)(F)C(F)OC(F)(F)F,16,0.5196078431372549,1-methyl-1-octylpiperidin-1-ium,"1,1,2-trifluoro-2-(trifluoromethoxy)ethanesulfonate",947.6,1259.2,698.29,1031.46,35.7,22.08,1,Piperidinium,1
C53_A53,CC(CF)C(N)([NH3+])C(C)C(C)S(F)(F)F.COCCOCCOS(=O)(=O)[O-],15,0.5123966942148761,N-methylpyrrolidone,2-(2-methoxyethoxy)ethyl sulfate,795.65,1460.02,571.32,892.48,39.27,63.59,1,Other,1
C54_A54,CC(CSCC[CH3+]F)C(F)(F)F.[N-]=[N+]=[N-],12,0.5175438596491229,1-(2-cyanoethyl)-3-(2-hydroxyethyl)-1H-imidazolium,azide,930.45,1212.97,395.68,1452.75,135.15,16.51,1,Imidazolium,1
C57_A57,CCCC(CC[N+](C)(C)[SH](N)CO)C(C)C.CCCC(=O)[O-],16,0.4954128440366973,1-methyl-1-octylpiperidin-1-ium,butanoate,837.23,1344.98,512.85,1258.6,63.25,6.86,1,Piperidinium,1
